<?xml version="1.0" encoding="utf-8"?>
<model xmlns="http://www.alfresco.org/model/dictionary/1.0" name="atw20:alvex-tutorial-workflow-task-model">
	<imports>
		<import uri="http://www.alfresco.org/model/dictionary/1.0" prefix="d"/>
		<import uri="http://www.alfresco.org/model/bpm/1.0" prefix="bpm"/>
		<import uri="http://www.alfresco.org/model/content/1.0" prefix="cm"/>
	</imports>
	<namespaces>
		<namespace prefix="atw20" uri="http://alvexcore.com/workflows/atw20"/>
	</namespaces>
	<types>

		<type name="atw20:startTask">
			<parent>bpm:startTask</parent>
			<mandatory-aspects>
				<aspect>bpm:assignees</aspect>
				<aspect>atw20:initiator</aspect>
				<aspect>atw20:comments</aspect>
				<aspect>atw20:contractorable</aspect>
			</mandatory-aspects>
		</type>

		<type name="atw20:reviewTask">
			<parent>bpm:activitiOutcomeTask</parent>
			<properties>
				<property name="atw20:reviewOutcome">
					<type>d:text</type>
					<default>Reject</default>
					<constraints>
						<constraint name="atw20:reviewOutcomeOptions" type="LIST">
							<parameter name="allowedValues">
								<list>
									<value>Approve</value>
									<value>Reject</value>
								</list>
							</parameter>
						</constraint>
					</constraints>
				</property>
			</properties>
			<overrides>
				<property name="bpm:packageActionGroup">
					<default>add_package_item_actions</default>
				</property>
				<property name="bpm:outcomePropertyName">
					<default>{http://alvexcore.com/workflows/atw20}reviewOutcome</default>
				</property>
			</overrides>
			<mandatory-aspects>
				<aspect>bpm:assignees</aspect>
				<aspect>atw20:initiator</aspect>
				<aspect>atw20:comments</aspect>
				<aspect>atw20:contractorable</aspect>
			</mandatory-aspects>
		</type>

		<type name="atw20:reviseTask">
			<parent>bpm:activitiOutcomeTask</parent>
			<properties>
				<property name="atw20:reviseOutcome">
					<type>d:text</type>
					<default>Resubmit</default>
					<constraints>
						<constraint name="atw20:reviseOutcomeOptions" type="LIST">
							<parameter name="allowedValues">
								<list>
									<value>Resubmit</value>
								</list>
							</parameter>
						</constraint>
					</constraints>
				</property>
			</properties>
			<overrides>
				<property name="bpm:packageItemActionGroup">
					<default>edit_and_remove_package_item_actions</default>
				</property>
				<property name="bpm:packageActionGroup">
					<default>add_package_item_actions</default>
				</property>
				<property name="bpm:outcomePropertyName">
					<default>{http://alvexcore.com/workflows/atw20}reviseOutcome</default>
				</property>
			</overrides>
			<mandatory-aspects>
				<aspect>bpm:assignees</aspect>
				<aspect>atw20:comments</aspect>
				<aspect>atw20:contractorable</aspect>
			</mandatory-aspects>
		</type>

		<type name="atw20:approvedTask">
			<parent>bpm:activitiOutcomeTask</parent>
			<properties>
				<property name="atw20:approvedOutcome">
					<type>d:text</type>
					<default>Done</default>
					<constraints>
						<constraint name="atw20:approvedOutcomeOptions" type="LIST">
							<parameter name="allowedValues">
								<list>
									<value>Done</value>
								</list>
							</parameter>
						</constraint>
					</constraints>
				</property>
			</properties>
			<overrides>
				<!--property name="bpm:packageItemActionGroup">
					<default>edit_and_remove_package_item_actions</default>
				</property>
				<property name="bpm:packageActionGroup">
					<default>add_package_item_actions</default>
				</property-->
				<property name="bpm:packageItemActionGroup">
					<default>edit_and_remove_package_item_actions</default>
				</property>
				<property name="bpm:outcomePropertyName">
					<default>{http://alvexcore.com/workflows/atw20}approvedOutcome</default>
				</property>
			</overrides>
			<mandatory-aspects>
				<aspect>atw20:comments</aspect>
				<aspect>atw20:contractorable</aspect>
				<aspect>atw20:targetRegister</aspect>
			</mandatory-aspects>
		</type>
		
		<type name="atw20:signTask">
			<parent>bpm:activitiOutcomeTask</parent>
			<properties>
				<property name="atw20:signOutcome">
					<type>d:text</type>
					<default>Signed</default>
					<constraints>
						<constraint name="atw20:signOptions" type="LIST">
							<parameter name="allowedValues">
								<list>
									<value>Signed</value>
								</list>
							</parameter>
						</constraint>
					</constraints>
				</property>
			</properties>
			<overrides>
				<!--property name="bpm:packageItemActionGroup">
					<default>edit_and_remove_package_item_actions</default>
				</property-->
				<property name="bpm:packageActionGroup">
					<default>add_package_item_actions</default>
				</property>
				<property name="bpm:outcomePropertyName">
					<default>{http://alvexcore.com/workflows/atw20}signOutcome</default>
				</property>
			</overrides>
			<mandatory-aspects>
				<aspect>atw20:contractorable</aspect>
			</mandatory-aspects>
		</type>

	</types>

	<aspects>
		<aspect name="atw20:initiator">
			<associations>
				<association name="atw20:initiator">
					<source>
						<mandatory>false</mandatory>
						<many>false</many>
					</source>
					<target>
						<class>cm:person</class>
						<mandatory>false</mandatory>
						<many>false</many>
					</target>
				</association>
			</associations>
		</aspect>
		<aspect name="atw20:comments">
			<properties>
				<property name="atw20:initiatorComment">
					<type>d:text</type>
				</property>
				<property name="atw20:comments">
					<type>d:text</type>
				</property>
			</properties>
		</aspect>
		<aspect name="atw20:contractorable">
			<properties>
				<property name="atw20:contractor">
					<type>d:text</type>
					<constraints>
						<constraint name="atw20:contractorMasterData" type="com.alvexcore.repo.masterdata.MasterDataConstraint">
							<parameter name="dataSourceName">
								<value>Contractors</value>
							</parameter>
						</constraint>
					</constraints>
				</property>
			</properties>
		</aspect>
		<aspect name="atw20:targetRegister">
			<properties>
				<property name="atw20:office">
					<type>d:text</type>
				</property>
			</properties>
		</aspect>
	</aspects>
</model>