<?xml version='1.0' encoding='UTF-8'?>
<!DOCTYPE beans PUBLIC '-//SPRING//DTD BEAN//EN' 'http://www.springframework.org/dtd/spring-beans.dtd'>
<beans>
	<bean id="alvex-course-examples" parent="dictionaryModelBootstrap" 
			depends-on="dictionaryBootstrap,alvex-documents-registers-deployer">
		<property name="labels">
			<list>
				<value>alfresco.extension.messages.alvex-course-examples</value>
			</list>
		</property>
		<property name="models">
			<list>
				<value>alfresco/extension/models/alvex-course-examples-model.xml</value>
			</list>
		</property>
	</bean>
</beans>
