<?xml version="1.0" encoding="UTF-8"?>
<definitions xmlns="http://www.omg.org/spec/BPMN/20100524/MODEL" xmlns:xsi="http://www.w3.org/2001/XMLSchema-instance" xmlns:activiti="http://activiti.org/bpmn" xmlns:bpmndi="http://www.omg.org/spec/BPMN/20100524/DI" xmlns:omgdc="http://www.omg.org/spec/DD/20100524/DC" xmlns:omgdi="http://www.omg.org/spec/DD/20100524/DI" typeLanguage="http://www.w3.org/2001/XMLSchema" expressionLanguage="http://www.w3.org/1999/XPath" targetNamespace="http://www.activiti.org/test">
  <process id="testcompany_demo_process" name="Test Company Order Process" isExecutable="true">
    <startEvent id="alfrescoStartevent1" name="Alfresco start" activiti:formKey="lwf:startTask"></startEvent>
    <userTask id="usertask1" name="Process request" activiti:assignee="{0}::Завхоз[0]" activiti:formKey="lwf:processRequestTask">
      <extensionElements>
        <activiti:taskListener event="complete" class="org.alfresco.repo.workflow.activiti.tasklistener.ScriptTaskListener">
          <activiti:field name="script">
            <activiti:string>
execution.setVariable('lwf_supplierName', task.getVariableLocal('lwf_supplierName'));
execution.setVariable('lwf_orderNumber', task.getVariableLocal('lwf_orderNumber'));

var orderNum = task.getVariableLocal('lwf_orderNumber');
var supplier = task.getVariableLocal('lwf_supplierName');
var sum = task.getVariableLocal('lwf_amount');

var templateFile = search.findNode( "workspace://SpacesStore/262981fb-e141-43bd-ac63-9b8199eb1077" );
var folder = userhome;

var name = "Счёт " + orderNum;
var data = jsonUtils.toJSONString( {"number": orderNum, "company": supplier, "amount": sum} );

var bill = template.generate( tempFile, folder, name, data );
bpm_package.addNode(search.findNode(bill.toString()));
</activiti:string>
          </activiti:field>
        </activiti:taskListener>
      </extensionElements>
    </userTask>
    <sequenceFlow id="flow1" sourceRef="alfrescoStartevent1" targetRef="usertask1"></sequenceFlow>
    <userTask id="usertask2" name="Contact Supplier" activiti:assignee="{0}::Завхоз[0]" activiti:formKey="lwf:contactSupplierTask">
      <extensionElements>
        <activiti:taskListener event="complete" class="org.alfresco.repo.workflow.activiti.tasklistener.ScriptTaskListener">
          <activiti:field name="script">
            <activiti:string>
            execution.setVariable('lwf_filledOrder', task.getVariableLocal('lwf_filledOrder'));
            task.getVariableLocal('lwf_filledOrder').setPermission('Read');
            </activiti:string>
          </activiti:field>
        </activiti:taskListener>
      </extensionElements>
    </userTask>
    <sequenceFlow id="flow2" sourceRef="usertask1" targetRef="usertask2"></sequenceFlow>
    <userTask id="usertask3" name="Approve Order" activiti:assignee="${initiator.properties.userName}" activiti:formKey="lwf:approveOrderTask">
      <extensionElements>
        <activiti:taskListener event="complete" class="org.alfresco.repo.workflow.activiti.tasklistener.ScriptTaskListener">
          <activiti:field name="script">
            <activiti:string>execution.setVariable('approvalDecision', task.getVariableLocal('lwf_approveOrderTaskOutcome'));</activiti:string>
          </activiti:field>
        </activiti:taskListener>
      </extensionElements>
    </userTask>
    <sequenceFlow id="flow3" sourceRef="usertask2" targetRef="usertask3"></sequenceFlow>
    <exclusiveGateway id="exclusivegateway1" name="Exclusive Gateway"></exclusiveGateway>
    <sequenceFlow id="flow4" sourceRef="usertask3" targetRef="exclusivegateway1"></sequenceFlow>
    <userTask id="usertask4" name="Order Declined" activiti:assignee="{0}::Завхоз[0]" activiti:formKey="lwf:orderDeclinedTask"></userTask>
    <sequenceFlow id="flow5" sourceRef="exclusivegateway1" targetRef="usertask4">
      <conditionExpression xsi:type="tFormalExpression"><![CDATA[${ approvalDecision == 'reject' }]]></conditionExpression>
    </sequenceFlow>
    <userTask id="usertask5" name="Submit Order" activiti:assignee="{0}::Завхоз[0]" activiti:formKey="lwf:submitOrderTask"></userTask>
    <sequenceFlow id="flow6" sourceRef="exclusivegateway1" targetRef="usertask5">
      <conditionExpression xsi:type="tFormalExpression"><![CDATA[${ approvalDecision == 'approve' }]]></conditionExpression>
    </sequenceFlow>
    <userTask id="usertask6" name="Close Order" activiti:assignee="{0}::Завхоз[0]" activiti:formKey="lwf:closeOrderTask"></userTask>
    <sequenceFlow id="flow7" sourceRef="usertask5" targetRef="usertask6"></sequenceFlow>
    <endEvent id="endevent1" name="End"></endEvent>
    <sequenceFlow id="flow8" sourceRef="usertask4" targetRef="endevent1"></sequenceFlow>
    <endEvent id="endevent2" name="End"></endEvent>
    <sequenceFlow id="flow9" sourceRef="usertask6" targetRef="endevent2"></sequenceFlow>
  </process>
  <bpmndi:BPMNDiagram id="BPMNDiagram_testcompany_demo_process">
    <bpmndi:BPMNPlane bpmnElement="testcompany_demo_process" id="BPMNPlane_testcompany_demo_process">
      <bpmndi:BPMNShape bpmnElement="alfrescoStartevent1" id="BPMNShape_alfrescoStartevent1">
        <omgdc:Bounds height="35.0" width="35.0" x="70.0" y="190.0"></omgdc:Bounds>
      </bpmndi:BPMNShape>
      <bpmndi:BPMNShape bpmnElement="usertask1" id="BPMNShape_usertask1">
        <omgdc:Bounds height="55.0" width="105.0" x="150.0" y="180.0"></omgdc:Bounds>
      </bpmndi:BPMNShape>
      <bpmndi:BPMNShape bpmnElement="usertask2" id="BPMNShape_usertask2">
        <omgdc:Bounds height="55.0" width="105.0" x="310.0" y="180.0"></omgdc:Bounds>
      </bpmndi:BPMNShape>
      <bpmndi:BPMNShape bpmnElement="usertask3" id="BPMNShape_usertask3">
        <omgdc:Bounds height="55.0" width="105.0" x="470.0" y="180.0"></omgdc:Bounds>
      </bpmndi:BPMNShape>
      <bpmndi:BPMNShape bpmnElement="exclusivegateway1" id="BPMNShape_exclusivegateway1">
        <omgdc:Bounds height="40.0" width="40.0" x="630.0" y="187.0"></omgdc:Bounds>
      </bpmndi:BPMNShape>
      <bpmndi:BPMNShape bpmnElement="usertask4" id="BPMNShape_usertask4">
        <omgdc:Bounds height="55.0" width="105.0" x="700.0" y="136.0"></omgdc:Bounds>
      </bpmndi:BPMNShape>
      <bpmndi:BPMNShape bpmnElement="usertask5" id="BPMNShape_usertask5">
        <omgdc:Bounds height="55.0" width="105.0" x="702.0" y="234.0"></omgdc:Bounds>
      </bpmndi:BPMNShape>
      <bpmndi:BPMNShape bpmnElement="usertask6" id="BPMNShape_usertask6">
        <omgdc:Bounds height="55.0" width="105.0" x="862.0" y="234.0"></omgdc:Bounds>
      </bpmndi:BPMNShape>
      <bpmndi:BPMNShape bpmnElement="endevent1" id="BPMNShape_endevent1">
        <omgdc:Bounds height="35.0" width="35.0" x="860.0" y="146.0"></omgdc:Bounds>
      </bpmndi:BPMNShape>
      <bpmndi:BPMNShape bpmnElement="endevent2" id="BPMNShape_endevent2">
        <omgdc:Bounds height="35.0" width="35.0" x="1022.0" y="244.0"></omgdc:Bounds>
      </bpmndi:BPMNShape>
      <bpmndi:BPMNEdge bpmnElement="flow1" id="BPMNEdge_flow1">
        <omgdi:waypoint x="105.0" y="207.0"></omgdi:waypoint>
        <omgdi:waypoint x="150.0" y="207.0"></omgdi:waypoint>
      </bpmndi:BPMNEdge>
      <bpmndi:BPMNEdge bpmnElement="flow2" id="BPMNEdge_flow2">
        <omgdi:waypoint x="255.0" y="207.0"></omgdi:waypoint>
        <omgdi:waypoint x="310.0" y="207.0"></omgdi:waypoint>
      </bpmndi:BPMNEdge>
      <bpmndi:BPMNEdge bpmnElement="flow3" id="BPMNEdge_flow3">
        <omgdi:waypoint x="415.0" y="207.0"></omgdi:waypoint>
        <omgdi:waypoint x="470.0" y="207.0"></omgdi:waypoint>
      </bpmndi:BPMNEdge>
      <bpmndi:BPMNEdge bpmnElement="flow4" id="BPMNEdge_flow4">
        <omgdi:waypoint x="575.0" y="207.0"></omgdi:waypoint>
        <omgdi:waypoint x="630.0" y="207.0"></omgdi:waypoint>
      </bpmndi:BPMNEdge>
      <bpmndi:BPMNEdge bpmnElement="flow5" id="BPMNEdge_flow5">
        <omgdi:waypoint x="650.0" y="187.0"></omgdi:waypoint>
        <omgdi:waypoint x="650.0" y="162.0"></omgdi:waypoint>
        <omgdi:waypoint x="700.0" y="163.0"></omgdi:waypoint>
      </bpmndi:BPMNEdge>
      <bpmndi:BPMNEdge bpmnElement="flow6" id="BPMNEdge_flow6">
        <omgdi:waypoint x="650.0" y="227.0"></omgdi:waypoint>
        <omgdi:waypoint x="650.0" y="260.0"></omgdi:waypoint>
        <omgdi:waypoint x="702.0" y="261.0"></omgdi:waypoint>
      </bpmndi:BPMNEdge>
      <bpmndi:BPMNEdge bpmnElement="flow7" id="BPMNEdge_flow7">
        <omgdi:waypoint x="807.0" y="261.0"></omgdi:waypoint>
        <omgdi:waypoint x="862.0" y="261.0"></omgdi:waypoint>
      </bpmndi:BPMNEdge>
      <bpmndi:BPMNEdge bpmnElement="flow8" id="BPMNEdge_flow8">
        <omgdi:waypoint x="805.0" y="163.0"></omgdi:waypoint>
        <omgdi:waypoint x="860.0" y="163.0"></omgdi:waypoint>
      </bpmndi:BPMNEdge>
      <bpmndi:BPMNEdge bpmnElement="flow9" id="BPMNEdge_flow9">
        <omgdi:waypoint x="967.0" y="261.0"></omgdi:waypoint>
        <omgdi:waypoint x="1022.0" y="261.0"></omgdi:waypoint>
      </bpmndi:BPMNEdge>
    </bpmndi:BPMNPlane>
  </bpmndi:BPMNDiagram>
</definitions>
