<?xml version='1.0' encoding='UTF-8'?>
<!DOCTYPE beans PUBLIC '-//SPRING//DTD BEAN//EN' 'http://www.springframework.org/dtd/spring-beans.dtd'>
<beans>
	<bean id="alvex-course-workflows-cd" class="org.springframework.extensions.config.ConfigBootstrap"
		init-method="register" depends-on="">
		<property name="configService" ref="web.config" />
		<property name="configs">
			<list>
				<value>classpath:alfresco/web-extension/alvex-course-workflows-config.xml</value>
			</list>
		</property>
	</bean>
</beans>
