<?xml version="1.0" encoding="UTF-8"?>

<model 
	name="alvexcoursedocs:documents_model"
	xmlns="http://www.alfresco.org/model/dictionary/1.0"
	xmlns:xsi="http://www.w3.org/2001/XMLSchema-instance"
	xsi:schemaLocation="http://www.alfresco.org/model/dictionary/1.0 modelSchema.xsd">

	<imports>
		<import uri="http://www.alfresco.org/model/dictionary/1.0" prefix="d"/>
		<import uri="http://www.alfresco.org/model/content/1.0" prefix="cm"/>
		<import uri="http://www.alfresco.org/model/system/1.0" prefix="sys"/>
		<import uri="http://www.alfresco.org/model/datalist/1.0" prefix="dl"/>
		<import uri="http://alvexcore.com/prefix/alvexdt" prefix="alvexdt"/>
	</imports>
	
	<namespaces>
		<namespace uri="http://alvexcore.com/prefix/alvexcoursedocs" prefix="alvexcoursedocs"/>
	</namespaces>

	<constraints>
		<constraint name="alvexcoursedocs:discountConstraint" type="MINMAX">
			<parameter name="minValue"><value>5</value></parameter>
			<parameter name="maxValue"><value>25</value></parameter>
		</constraint>
	</constraints>

	<types>
		<type name="alvexcoursedocs:document_partner_agreement">
			<parent>alvexdt:agreement</parent>
			<properties>
				<property name="alvexcoursedocs:partnerDiscount">
					<type>d:int</type>
					<constraints>
						<constraint ref="alvexcoursedocs:discountConstraint"/>
					</constraints>
				</property>
			</properties>
			<associations>
				<association name="alvexcoursedocs:contractManager">
					<title>Contract Manager</title>
					<source>
						<mandatory>false</mandatory>
						<many>true</many>
					</source>
					<target>
						<class>cm:person</class>
					</target>
				</association>
			</associations>

			<mandatory-aspects>
				<aspect>alvexcoursedocs:withVendorInfo</aspect>
			</mandatory-aspects>
		</type>		
	</types>

	<aspects>
		<aspect name="alvexcoursedocs:withVendorInfo">
			<properties>
				<property name="alvexcoursedocs:vendorCompanyName">
					<type>d:text</type>
					<index enabled="true">
						<atomic>true</atomic>
						<stored>true</stored> 
						<tokenised>both</tokenised>
					</index>
				</property>
				<property name="alvexcoursedocs:vendorWebSite">
					<type>d:text</type>
					<index enabled="true">
						<atomic>true</atomic>
						<stored>true</stored> 
						<tokenised>both</tokenised>
					</index>
				</property>
			</properties>
		</aspect>
	</aspects>

</model>
