<?xml version='1.0' encoding='UTF-8'?>
<!DOCTYPE beans PUBLIC '-//SPRING//DTD BEAN//EN' 'http://www.springframework.org/dtd/spring-beans.dtd'>
<beans>
	<bean id="datagrid-custom-actions-configs-deployer" class="org.springframework.extensions.config.ConfigBootstrap" init-method="register" 
			depends-on="">
		<property name="configService" ref="web.config" />
		<property name="configs">
			<list>
				<value>classpath:alfresco/web-extension/datagrid-custom-actions-config.xml</value>
			</list>
		</property>
	</bean>
</beans>
