<?xml version="1.0" encoding="utf-8"?>
<model xmlns="http://www.alfresco.org/model/dictionary/1.0" name="alvexcourse:workflow_model">
	<imports>
		<import uri="http://www.alfresco.org/model/dictionary/1.0" prefix="d" />
		<import uri="http://www.alfresco.org/model/content/1.0" prefix="cm" />
		<import uri="http://www.alfresco.org/model/bpm/1.0" prefix="bpm" />
	</imports>

	<namespaces>
		<namespace prefix="alvexcourse" uri="http://alvexcore.com/prefix/alvexcourse" />
	</namespaces>

	<types>
		<type name="alvexcourse:submitTask">
			<parent>bpm:startTask</parent>
		</type>
		<type name="alvexcourse:approveTask">
			<!--parent>bpm:workflowTask</parent>
			<Parent changed from bpm:workflowTask to bpm:activitiOutcomeTask -->
			<parent>bpm:activitiOutcomeTask</parent>
			<!-- Custom property with constraint that defines possible outcome options -->
			<properties>
				<property name="alvexcourse:okOutcome">
					<type>d:text</type>
					<default>OK</default>
					<constraints>
						<constraint type="LIST" name="alvexcourse:okOutcomeConstraint">
							<parameter name="allowedValues">
								<list>
									<value>OK</value>
								</list>
							</parameter>
						</constraint>
					</constraints>
				</property>
			</properties>
			<!-- Override bpm:outcomePropertyName with our custom property -->
			<overrides>
				<property name="bpm:outcomePropertyName">
					<default>{http://alvexcore.com/prefix/alvexcourse}okOutcome</default>
				</property>
			</overrides>
		</type>
	</types>
</model>
